Unit Area-RECTANGLE_ABCD-1-(AREA QUESTION1),1
Unit Area-RECTANGLE_ABCD-1-(HEIGHT QUESTION2),2
Unit Area-RECTANGLE_ABCD-1-(BASE QUESTION3),3
Unit Area-BUILDING_A_SIDEWALK-1-(POOL-AREA QUESTION1),4
Unit Area-BUILDING_A_SIDEWALK-1-(LARGE-RECTANGLE-AREA QUESTION1),5
Unit Area-BUILDING_A_SIDEWALK-1-(SIDEWALK-AREA QUESTION1),6
Unit Area-BUILDING_A_SIDEWALK-1-(POOL-AREA QUESTION2),7
Unit Area-BUILDING_A_SIDEWALK-1-(LARGE-RECTANGLE-AREA QUESTION2),8
Unit Area-BUILDING_A_SIDEWALK-1-(SIDEWALK-AREA QUESTION2),9
Unit Area-BUILDING_A_SIDEWALK-1-(POOL-AREA QUESTION3),10
Unit Area-BUILDING_A_SIDEWALK-1-(LARGE-RECTANGLE-AREA QUESTION3),11
Unit Area-BUILDING_A_SIDEWALK-1-(SIDEWALK-AREA QUESTION3),12
Unit Area-PARALLELOGRAM_ABDE-1-(AREA QUESTION1),13
Unit Area-PARALLELOGRAM_ABDE-1-(HEIGHT QUESTION2),14
Unit Area-PARALLELOGRAM_ABDE-1-(BASE QUESTION3),15
Unit Area-SQUARE_ABCD-1-(AREA QUESTION1),16
Unit Area-SQUARE_ABCD-1-(HEIGHT QUESTION2),17
Unit Area-SQUARE_ABCD-1-(BASE QUESTION3),18
Unit Area-PAINTING_THE_WALL-1-(DOOR-AREA QUESTION1),19
Unit Area-PAINTING_THE_WALL-1-(WALL-AREA QUESTION1),20
Unit Area-PAINTING_THE_WALL-1-(PAINTED-AREA QUESTION1),21
Unit Area-PAINTING_THE_WALL-1-(DOOR-AREA QUESTION2),22
Unit Area-PAINTING_THE_WALL-1-(DOOR-AREA QUESTION3),23
Unit Area-PAINTING_THE_WALL-1-(WALL-AREA QUESTION2),24
Unit Area-PAINTING_THE_WALL-1-(PAINTED-AREA QUESTION2),25
Unit Area-PAINTING_THE_WALL-1-(WALL-AREA QUESTION3),26
Unit Area-PAINTING_THE_WALL-1-(PAINTED-AREA QUESTION3),27
Unit Area-RECTANGLE_HEIGHT-1-(HEIGHT QUESTION2),28
Unit Area-TRAPEZOID_AREA-1-(AREA QUESTION1),29
Unit Area-TRAPEZOID_HEIGHT-1-(HEIGHT QUESTION3),30
Unit Area-TRAPEZOID_BASE-1-(LONGER-BASE QUESTION2),31
Unit Area-TRAPEZOID_ABCD-1-(AREA QUESTION1),32
Unit Area-TRAPEZOID_ABCD-1-(LONGER-BASE QUESTION2),33
Unit Area-TRAPEZOID_ABCD-1-(HEIGHT QUESTION3),34
Unit Area-TRAPEZOID_AREA-2-(AREA QUESTION1),35
Unit Area-TRAPEZOID_HEIGHT-2-(HEIGHT QUESTION3),36
Unit Area-TRAPEZOID_BASE-2-(LONGER-BASE QUESTION2),37
Unit Area-TRAPEZOID_ABCD-2-(AREA QUESTION1),38
Unit Area-TRAPEZOID_ABCD-2-(LONGER-BASE QUESTION2),39
Unit Area-TRAPEZOID_ABCD-2-(HEIGHT QUESTION3),40
Unit Area-TRAPEZOID_AREA-3-(AREA QUESTION1),41
Unit Area-TRAPEZOID_HEIGHT-3-(HEIGHT QUESTION3),42
Unit Area-TRAPEZOID_ABCD-3-(AREA QUESTION1),43
Unit Area-TRAPEZOID_ABCD-3-(LONGER-BASE QUESTION2),44
Unit Area-TRAPEZOID_ABCD-3-(HEIGHT QUESTION3),45
Unit Area-TRAPEZOID_AREA-4-(AREA QUESTION1),46
Unit Area-TRAPEZOID_HEIGHT-4-(HEIGHT QUESTION3),47
Unit Area-TRAPEZOID_BASE-3-(LONGER-BASE QUESTION2),48
Unit Area-TRAPEZOID_ABCD-4-(AREA QUESTION1),49
Unit Area-TRAPEZOID_ABCD-4-(LONGER-BASE QUESTION2),50
Unit Area-TRAPEZOID_ABCD-4-(HEIGHT QUESTION3),51
Unit Area-TRAPEZOID_AREA-5-(AREA QUESTION1),52
Unit Area-TRAPEZOID_HEIGHT-5-(HEIGHT QUESTION3),53
Unit Area-TRAPEZOID_BASE-4-(LONGER-BASE QUESTION2),54
Unit Area-TRAPEZOID_HEIGHT-6-(HEIGHT QUESTION3),55
Unit Area-TRAPEZOID_BASE-5-(LONGER-BASE QUESTION2),56
Unit Area-TRIANGLE_ABC-1-(AREA QUESTION1),57
Unit Area-TRIANGLE_ABC-1-(HEIGHT QUESTION2),58
Unit Area-TRIANGLE_ABC-1-(BASE QUESTION3),59
Unit Area-TRIANGLE_TRIANGLE-1-(AREA QUESTION1),60
Unit Area-TRIANGLE_RECTANGLE-1-(BASE QUESTION1),61
Unit Area-TRIANGLE_RECTANGLE-1-(AREA QUESTION1),62
Unit Area-DESIGNING_A_QUILT-1-(AREA QUESTION1),63
Unit Area-DESIGNING_A_QUILT-1-(WHITE-AREA QUESTION1),64
Unit Area-DESIGNING_A_QUILT-1-(GREEN-AREA QUESTION1),65
Unit Area-DESIGNING_A_QUILT-1-(PURPLE-AREA QUESTION1),66
Unit Area-DESIGNING_A_QUILT-1-(AREA QUESTION2),67
Unit Area-DESIGNING_A_QUILT-1-(WHITE-AREA QUESTION2),68
Unit Area-DESIGNING_A_QUILT-1-(GREEN-AREA QUESTION2),69
Unit Area-DESIGNING_A_QUILT-1-(PURPLE-AREA QUESTION2),70
Unit Area-DESIGNING_A_QUILT-1-(AREA QUESTION3),71
Unit Area-DESIGNING_A_QUILT-1-(WHITE-AREA QUESTION3),72
Unit Area-DESIGNING_A_QUILT-1-(GREEN-AREA QUESTION3),73
Unit Area-DESIGNING_A_QUILT-1-(PURPLE-AREA QUESTION3),74
Unit Area-PENTAGON_ABCDE-1-(AREA QUESTION1),75
Unit Area-PENTAGON_ABCDE-1-(APOTHEM QUESTION2),76
Unit Area-PENTAGON_ABCDE-1-(SIDE QUESTION3),77
Unit Area-TRIANGLE_AREA-1-(AREA QUESTION1),78
Unit Area-TRIANGLE_HEIGHT-1-(HEIGHT QUESTION2),79
Unit Area-TRIANGLE_BASE-1-(BASE QUESTION3),80
Unit Area-DESIGNING_A_QUILT-2-(AREA QUESTION1),81
Unit Area-DESIGNING_A_QUILT-2-(WHITE-AREA QUESTION1),82
Unit Area-DESIGNING_A_QUILT-2-(GREEN-AREA QUESTION1),83
Unit Area-DESIGNING_A_QUILT-2-(PURPLE-AREA QUESTION1),84
Unit Area-DESIGNING_A_QUILT-2-(AREA QUESTION2),85
Unit Area-DESIGNING_A_QUILT-2-(WHITE-AREA QUESTION2),86
Unit Area-DESIGNING_A_QUILT-2-(GREEN-AREA QUESTION2),87
Unit Area-DESIGNING_A_QUILT-2-(PURPLE-AREA QUESTION2),88
Unit Area-DESIGNING_A_QUILT-2-(AREA QUESTION3),89
Unit Area-DESIGNING_A_QUILT-2-(WHITE-AREA QUESTION3),90
Unit Area-DESIGNING_A_QUILT-2-(GREEN-AREA QUESTION3),91
Unit Area-DESIGNING_A_QUILT-2-(PURPLE-AREA QUESTION3),92
Unit Area-PENTAGON_ABCDE-2-(AREA QUESTION1),93
Unit Area-PENTAGON_ABCDE-2-(APOTHEM QUESTION2),94
Unit Area-PENTAGON_ABCDE-2-(SIDE QUESTION3),95
Unit Area-TRIANGLE_ABC-2-(AREA QUESTION1),96
Unit Area-TRIANGLE_ABC-2-(BASE QUESTION3),97
Unit Area-TRIANGLE_ABC-2-(HEIGHT QUESTION2),98
Unit Area-TRIANGLE_HEIGHT-2-(HEIGHT QUESTION2),99
Unit Area-TRIANGLE_BASE-2-(BASE QUESTION3),100
Unit Area-TRIANGLE_ABC-3-(AREA QUESTION1),101
Unit Area-TRIANGLE_ABC-3-(HEIGHT QUESTION2),102
Unit Area-TRIANGLE_ABC-3-(BASE QUESTION3),103
Unit Area-TRIANGLE_HEIGHT-3-(HEIGHT QUESTION2),104
Unit Area-TRIANGLE_BASE-3-(BASE QUESTION3),105
Unit Area-PENTAGON-1-(AREA QUESTION1),106
Unit Area-PENTAGON-1-(SIDE QUESTION3),107
Unit Area-PENTAGON-1-(APOTHEM QUESTION2),108
Unit Area-PENTAGON_ABCDE-3-(AREA QUESTION1),109
Unit Area-PENTAGON_ABCDE-3-(SIDE QUESTION3),110
Unit Area-PENTAGON_ABCDE-3-(APOTHEM QUESTION2),111
Unit Area-PENTAGON-2-(AREA QUESTION1),112
Unit Area-PENTAGON-2-(APOTHEM QUESTION2),113
Unit Area-PENTAGON-2-(SIDE QUESTION3),114
Unit Area-PENTAGON_ABCDE-4-(AREA QUESTION1),115
Unit Area-PENTAGON-3-(AREA QUESTION1),116
Unit Area-PENTAGON-3-(APOTHEM QUESTION2),117
Unit Area-PENTAGON-3-(SIDE QUESTION3),118
Unit Area-PENTAGON_ABCDE-5-(AREA QUESTION1),119
Unit Area-PENTAGON_ABCDE-5-(APOTHEM QUESTION2),120
Unit Area-PENTAGON_ABCDE-5-(SIDE QUESTION3),121
Unit Area-PENTAGON-4-(AREA QUESTION1),122
Unit Area-PENTAGON-4-(APOTHEM QUESTION2),123
Unit Area-PENTAGON-4-(SIDE QUESTION3),124
Unit Area-CIRCLE_O-1-(RADIUS QUESTION1),125
Unit Area-CIRCLE_O-1-(AREA QUESTION1),126
Unit Area-CIRCLE_O-1-(CIRCUMFERENCE QUESTION1),127
Unit Area-CIRCLE_O-1-(DIAMETER QUESTION2),128
Unit Area-CIRCLE_O-1-(AREA QUESTION2),129
Unit Area-CIRCLE_O-1-(CIRCUMFERENCE QUESTION2),130
Unit Area-CIRCLE_O-1-(RADIUS QUESTION3),131
Unit Area-CIRCLE_O-1-(DIAMETER QUESTION3),132
Unit Area-CIRCLE_O-1-(CIRCUMFERENCE QUESTION3),133
Unit Area-CIRCLE_O-1-(DIAMETER QUESTION4),134
Unit Area-CIRCLE_O-1-(RADIUS QUESTION4),135
Unit Area-CIRCLE_O-1-(AREA QUESTION4),136
Unit Area-LAWN_SPRINKLER-1-(AREA QUESTION1),137
Unit Area-COVERING_POOL-1-(RADIUS QUESTION1),138
Unit Area-COVERING_POOL-1-(DIAMETER QUESTION1),139
Unit Area-DOG_ON_A_ROPE-1-(AREA QUESTION1),140
Unit Area-DOG_ON_A_ROPE-1-(CIRCUMFERENCE QUESTION1),141
Unit Area-LAWN_SPRINKLER_2-1-(TOTAL-LAWN-AREA QUESTION1),142
Unit Area-LAWN_SPRINKLER_2-1-(WATERED-LAWN-AREA QUESTION1),143
Unit Area-LAWN_SPRINKLER_2-1-(UNWATERED-LAWN-AREA QUESTION1),144
Unit Area-CIRCLE_DIAMETER-1-(RADIUS QUESTION1),145
Unit Area-CIRCLE_DIAMETER-1-(AREA QUESTION1),146
Unit Area-CIRCLE_DIAMETER-1-(CIRCUMFERENCE QUESTION1),147
Unit Area-CIRCLE_RADIUS-1-(DIAMETER QUESTION2),148
Unit Area-CIRCLE_RADIUS-1-(AREA QUESTION2),149
Unit Area-CIRCLE_RADIUS-1-(CIRCUMFERENCE QUESTION2),150
Unit Area-CIRCLE_AREA-1-(RADIUS QUESTION3),151
Unit Area-CIRCLE_AREA-1-(DIAMETER QUESTION3),152
Unit Area-CIRCLE_AREA-1-(CIRCUMFERENCE QUESTION3),153
Unit Area-RECTANGLE_BASE-1-(BASE QUESTION3),154
Unit Area-PARALLELOGRAM_HEIGHT-1-(HEIGHT QUESTION2),155
Unit Area-CIRCLE_CIRCUMFERENCE-1-(DIAMETER QUESTION4),156
Unit Area-CIRCLE_CIRCUMFERENCE-1-(RADIUS QUESTION4),157
Unit Area-CIRCLE_CIRCUMFERENCE-1-(AREA QUESTION4),158
Unit Area-COVERING_POOL-2-(RADIUS QUESTION1),159
Unit Area-COVERING_POOL-2-(DIAMETER QUESTION1),160
Unit Area-CIRCLE_DIAMETER-2-(RADIUS QUESTION1),161
Unit Area-CIRCLE_DIAMETER-2-(AREA QUESTION1),162
Unit Area-CIRCLE_DIAMETER-2-(CIRCUMFERENCE QUESTION1),163
Unit Area-TROGS-1-(SQUARE-AREA QUESTION1),164
Unit Area-TROGS-1-(TROG-HEIGHT QUESTION1),165
Unit Area-TROGS-1-(TROG-AREA QUESTION1),166
Unit Area-TROGS-1-(SCRAP-METAL-AREA QUESTION1),167
Unit Area-TROGS-1-(SQUARE-AREA QUESTION2),168
Unit Area-TROGS-1-(TROG-HEIGHT QUESTION2),169
Unit Area-TROGS-1-(TROG-AREA QUESTION2),170
Unit Area-TROGS-1-(SCRAP-METAL-AREA QUESTION2),171
Unit Area-TROGS-1-(TROG-HEIGHT QUESTION3),172
Unit Area-TROGS-1-(TROG-AREA QUESTION3),173
Unit Area-TROGS-1-(SQUARE-AREA QUESTION3),174
Unit Area-TROGS-1-(SCRAP-METAL-AREA QUESTION3),175
Unit Area-WATERING_VEGGIES-1-(WATERED-AREA QUESTION1),176
Unit Area-WATERING_VEGGIES-1-(TOTAL-GARDEN QUESTION1),177
Unit Area-WATERING_VEGGIES-1-(UNWATERED-AREA QUESTION1),178
Unit Area-POGS-1-(SCRAP-METAL-AREA QUESTION1),179
Unit Area-POGS-1-(SCRAP-METAL-AREA QUESTION2),180
Unit Area-POGS-1-(SCRAP-METAL-AREA QUESTION3),181
Unit Area-LAWN_SPRINKLER-2-(AREA QUESTION1),182
Unit Area-POGS-1-(POG-AREA QUESTION1),183
Unit Area-POGS-1-(SQUARE-AREA QUESTION1),184
Unit Area-POGS-1-(POG-AREA QUESTION2),185
Unit Area-POGS-1-(SQUARE-AREA QUESTION2),186
Unit Area-POGS-1-(POG-AREA QUESTION3),187
Unit Area-POGS-1-(SQUARE-AREA QUESTION3),188
Unit Area-TWO_CIRCLES_IN_CIRCLE-1-(CIRCLE-AREA_O QUESTION1),189
Unit Area-TWO_CIRCLES_IN_CIRCLE-1-(CIRCLE-AREA_A QUESTION1),190
Unit Area-TWO_CIRCLES_IN_CIRCLE-1-(CIRCLE-AREA_S QUESTION1),191
Unit Area-TWO_CIRCLES_IN_CIRCLE-1-(SHADED-AREA QUESTION1),192
Unit Area-TWO_CIRCLES_IN_SQUARE-1-(CIRCLE-AREA QUESTION1),193
Unit Area-TWO_CIRCLES_IN_SQUARE-1-(SQUARE-BASE QUESTION1),194
Unit Area-TWO_CIRCLES_IN_SQUARE-1-(SHADED-AREA QUESTION1),195
Unit Area-RECTANGLE_AREA-1-(AREA QUESTION1),196
Unit Area-PARALLELOGRAM_AREA-1-(AREA QUESTION1),197
Unit Area-PENTAGON_ABCDE-4-(APOTHEM QUESTION2),198
Unit Area-PENTAGON_ABCDE-4-(SIDE QUESTION3),199
Unit Area-ONE_CIRCLE_IN_SQUARE-1-(SHADED-AREA QUESTION1),200
Unit Area-TWO_CIRCLES_IN_CIRCLE-1-(CIRCLE-RADIUS_AB QUESTION1),201
Unit Area-POGS-2-(SCRAP-METAL-AREA QUESTION1),202
Unit Area-POGS-2-(SCRAP-METAL-AREA QUESTION2),203
Unit Area-POGS-2-(SCRAP-METAL-AREA QUESTION3),204
Unit Area-CIRCLE_AREA-2-(RADIUS QUESTION3),205
Unit Area-CIRCLE_AREA-2-(DIAMETER QUESTION3),206
Unit Area-CIRCLE_AREA-2-(CIRCUMFERENCE QUESTION3),207
Unit Area-CIRCLE_CIRCUMFERENCE-2-(RADIUS QUESTION4),208
Unit Area-CIRCLE_CIRCUMFERENCE-2-(DIAMETER QUESTION4),209
Unit Area-CIRCLE_CIRCUMFERENCE-2-(AREA QUESTION4),210
Unit Area-CIRCLE_O-2-(RADIUS QUESTION1),211
Unit Area-CIRCLE_O-2-(AREA QUESTION1),212
Unit Area-CIRCLE_O-2-(CIRCUMFERENCE QUESTION1),213
Unit Area-CIRCLE_O-2-(DIAMETER QUESTION2),214
Unit Area-CIRCLE_O-2-(AREA QUESTION2),215
Unit Area-CIRCLE_O-2-(CIRCUMFERENCE QUESTION2),216
Unit Area-CIRCLE_O-2-(RADIUS QUESTION3),217
Unit Area-CIRCLE_O-2-(DIAMETER QUESTION3),218
Unit Area-CIRCLE_O-2-(CIRCUMFERENCE QUESTION3),219
Unit Area-CIRCLE_O-2-(RADIUS QUESTION4),220
Unit Area-CIRCLE_O-2-(DIAMETER QUESTION4),221
Unit Area-CIRCLE_O-2-(AREA QUESTION4),222
Unit Area-ONE_CIRCLE_IN_CIRCLE-1-(CIRCLE-AREA_C QUESTION1),223
Unit Area-ONE_CIRCLE_IN_CIRCLE-1-(CIRCLE-AREA_A QUESTION1),224
Unit Area-ONE_CIRCLE_IN_SQUARE-1-(CIRCLE-AREA QUESTION1),225
Unit Area-ONE_CIRCLE_IN_SQUARE-1-(SQUARE-AREA QUESTION1),226
Unit Area-TWO_CIRCLES_IN_SQUARE-1-(SQUARE-AREA QUESTION1),227
Unit Area-TRIANGLE_TRIANGLE-2-(AREA QUESTION1),228
Unit Area-TRIANGLE_AREA-2-(AREA QUESTION1),229
Unit Area-SQUARE_AREA-1-(AREA QUESTION1),230
Unit Area-PAINTING_THE_WALL-2-(DOOR-AREA QUESTION1),231
Unit Area-PAINTING_THE_WALL-2-(DOOR-AREA QUESTION2),232
Unit Area-PAINTING_THE_WALL-2-(DOOR-AREA QUESTION3),233
Unit Area-PAINTING_THE_WALL-2-(WALL-AREA QUESTION1),234
Unit Area-PAINTING_THE_WALL-2-(WALL-AREA QUESTION2),235
Unit Area-PAINTING_THE_WALL-2-(WALL-AREA QUESTION3),236
Unit Area-PAINTING_THE_WALL-2-(PAINTED-AREA QUESTION1),237
Unit Area-PAINTING_THE_WALL-2-(PAINTED-AREA QUESTION2),238
Unit Area-PAINTING_THE_WALL-2-(PAINTED-AREA QUESTION3),239
Unit Area-BUILDING_A_SIDEWALK-2-(POOL-AREA QUESTION1),240
Unit Area-BUILDING_A_SIDEWALK-2-(POOL-AREA QUESTION2),241
Unit Area-BUILDING_A_SIDEWALK-2-(POOL-AREA QUESTION3),242
Unit Area-BUILDING_A_SIDEWALK-2-(LARGE-RECTANGLE-AREA QUESTION1),243
Unit Area-BUILDING_A_SIDEWALK-2-(LARGE-RECTANGLE-AREA QUESTION2),244
Unit Area-BUILDING_A_SIDEWALK-2-(LARGE-RECTANGLE-AREA QUESTION3),245
Unit Area-BUILDING_A_SIDEWALK-2-(SIDEWALK-AREA QUESTION1),246
Unit Area-BUILDING_A_SIDEWALK-2-(SIDEWALK-AREA QUESTION2),247
Unit Area-BUILDING_A_SIDEWALK-2-(SIDEWALK-AREA QUESTION3),248
Unit Area-TRIANGLE_RECTANGLE-2-(BASE QUESTION1),249
Unit Area-TRIANGLE_RECTANGLE-2-(AREA QUESTION1),250
Unit Area-TRIANGLE_TRIANGLE-3-(AREA QUESTION1),251
Unit Area-DOG_ON_A_ROPE-2-(AREA QUESTION1),252
Unit Area-DOG_ON_A_ROPE-2-(CIRCUMFERENCE QUESTION1),253
Unit Area-TRIANGLE_AREA-3-(AREA QUESTION1),254
Unit Area-TWO_CIRCLES_IN_CIRCLE-1-(UNSHADED-AREA QUESTION1),255
Unit Area-TWO_CIRCLES_IN_SQUARE-1-(UNSHADED-AREA QUESTION1),256
Unit Area-POGS-2-(POG-AREA QUESTION1),257
Unit Area-POGS-2-(POG-AREA QUESTION2),258
Unit Area-POGS-2-(POG-AREA QUESTION3),259
Unit Area-POGS-2-(SQUARE-AREA QUESTION1),260
Unit Area-POGS-2-(SQUARE-AREA QUESTION2),261
Unit Area-POGS-2-(SQUARE-AREA QUESTION3),262
Unit Area-TWO_CIRCLES_IN_SQUARE-2-(SQUARE-BASE QUESTION1),263
Unit Area-TWO_CIRCLES_IN_SQUARE-2-(SQUARE-AREA QUESTION1),264
Unit Area-TWO_CIRCLES_IN_SQUARE-2-(UNSHADED-AREA QUESTION1),265
Unit Area-TWO_CIRCLES_IN_SQUARE-2-(SHADED-AREA QUESTION1),266
Unit Area-TWO_CIRCLES_IN_CIRCLE-2-(CIRCLE-RADIUS_AB QUESTION1),267
Unit Area-TWO_CIRCLES_IN_CIRCLE-2-(CIRCLE-AREA_A QUESTION1),268
Unit Area-TWO_CIRCLES_IN_CIRCLE-2-(UNSHADED-AREA QUESTION1),269
Unit Area-TWO_CIRCLES_IN_CIRCLE-2-(SHADED-AREA QUESTION1),270
Unit Area-ONE_CIRCLE_IN_SQUARE-2-(CIRCLE-AREA QUESTION1),271
Unit Area-ONE_CIRCLE_IN_SQUARE-2-(SQUARE-AREA QUESTION1),272
Unit Area-ONE_CIRCLE_IN_SQUARE-2-(SHADED-AREA QUESTION1),273
Unit Area-ONE_CIRCLE_IN_CIRCLE-2-(CIRCLE-AREA_C QUESTION1),274
Unit Area-ONE_CIRCLE_IN_CIRCLE-2-(CIRCLE-AREA_A QUESTION1),275
Unit Area-POGS-3-(POG-AREA QUESTION1),276
Unit Area-POGS-3-(POG-AREA QUESTION2),277
Unit Area-POGS-3-(POG-AREA QUESTION3),278
Unit Area-POGS-3-(SQUARE-AREA QUESTION1),279
Unit Area-POGS-3-(SQUARE-AREA QUESTION2),280
Unit Area-POGS-3-(SQUARE-AREA QUESTION3),281
Unit Area-POGS-3-(SCRAP-METAL-AREA QUESTION1),282
Unit Area-POGS-3-(SCRAP-METAL-AREA QUESTION2),283
Unit Area-POGS-3-(SCRAP-METAL-AREA QUESTION3),284
Unit Area-TROGS-2-(TROG-HEIGHT QUESTION1),285
Unit Area-TROGS-2-(TROG-HEIGHT QUESTION2),286
Unit Area-TROGS-2-(TROG-HEIGHT QUESTION3),287
Unit Area-TROGS-2-(SQUARE-AREA QUESTION1),288
Unit Area-TROGS-2-(SQUARE-AREA QUESTION2),289
Unit Area-TROGS-2-(SQUARE-AREA QUESTION3),290
Unit Area-TROGS-2-(TROG-AREA QUESTION1),291
Unit Area-TROGS-2-(TROG-AREA QUESTION2),292
Unit Area-TROGS-2-(TROG-AREA QUESTION3),293
Unit Area-TROGS-2-(SCRAP-METAL-AREA QUESTION1),294
Unit Area-TROGS-2-(SCRAP-METAL-AREA QUESTION2),295
Unit Area-TROGS-2-(SCRAP-METAL-AREA QUESTION3),296
Unit Area-POGS-4-(POG-AREA QUESTION1),297
Unit Area-POGS-4-(POG-AREA QUESTION2),298
Unit Area-POGS-4-(POG-AREA QUESTION3),299
Unit Area-POGS-4-(SQUARE-AREA QUESTION1),300
Unit Area-POGS-4-(SQUARE-AREA QUESTION2),301
Unit Area-POGS-4-(SQUARE-AREA QUESTION3),302
Unit Area-POGS-4-(SCRAP-METAL-AREA QUESTION1),303
Unit Area-POGS-4-(SCRAP-METAL-AREA QUESTION2),304
Unit Area-POGS-4-(SCRAP-METAL-AREA QUESTION3),305
Unit Area-TRIANGLE_TRIANGLE-4-(AREA QUESTION1),306
Unit Area-TWO_CIRCLES_IN_CIRCLE-2-(CIRCLE-AREA_O QUESTION1),307
Unit Area-TWO_CIRCLES_IN_CIRCLE-2-(CIRCLE-AREA_S QUESTION1),308
Unit Area-CIRCLE_O-1-(DIAMETER QUESTION1),309
Unit Area-COVERING_POOL-3-(RADIUS QUESTION1),310
Unit Area-COVERING_POOL-3-(DIAMETER QUESTION1),311
Unit Area-CIRCLE_DIAMETER-3-(RADIUS QUESTION1),312
Unit Area-CIRCLE_DIAMETER-3-(AREA QUESTION1),313
Unit Area-CIRCLE_DIAMETER-3-(CIRCUMFERENCE QUESTION1),314
Unit Area-CIRCLE_AREA-3-(RADIUS QUESTION3),315
Unit Area-CIRCLE_AREA-3-(DIAMETER QUESTION3),316
Unit Area-CIRCLE_AREA-3-(CIRCUMFERENCE QUESTION3),317
Unit Area-TWO_CIRCLES_IN_SQUARE-2-(CIRCLE-AREA QUESTION1),318
Unit Area-CIRCLE_RADIUS-2-(AREA QUESTION2),319
Unit Area-CIRCLE_RADIUS-2-(CIRCUMFERENCE QUESTION2),320
Unit Area-CIRCLE_RADIUS-2-(DIAMETER QUESTION2),321
Unit Area-TRIANGLE_AREA-4-(AREA QUESTION1),322
Unit Area-TRIANGLE_TRIANGLE-5-(AREA QUESTION1),323
Unit Area-TRAPEZOID_ABCD-5-(AREA QUESTION1),324
Unit Area-TRAPEZOID_ABCD-5-(LONGER-BASE QUESTION2),325
Unit Area-TRAPEZOID_ABCD-5-(HEIGHT QUESTION3),326
Unit Area-TRAPEZOID_AREA-6-(AREA QUESTION1),327
Unit Area-CIRCLE_O-3-(RADIUS QUESTION1),328
Unit Area-CIRCLE_O-3-(AREA QUESTION1),329
Unit Area-CIRCLE_O-3-(CIRCUMFERENCE QUESTION1),330
Unit Area-CIRCLE_O-3-(DIAMETER QUESTION2),331
Unit Area-CIRCLE_O-3-(AREA QUESTION2),332
Unit Area-CIRCLE_O-3-(CIRCUMFERENCE QUESTION2),333
Unit Area-CIRCLE_O-3-(RADIUS QUESTION3),334
Unit Area-CIRCLE_O-3-(DIAMETER QUESTION3),335
Unit Area-CIRCLE_O-3-(CIRCUMFERENCE QUESTION3),336
Unit Area-CIRCLE_O-3-(DIAMETER QUESTION4),337
Unit Area-CIRCLE_O-3-(RADIUS QUESTION4),338
Unit Area-CIRCLE_O-3-(AREA QUESTION4),339
Unit Area-CIRCLE_DIAMETER-4-(RADIUS QUESTION1),340
Unit Area-CIRCLE_DIAMETER-4-(AREA QUESTION1),341
Unit Area-CIRCLE_DIAMETER-4-(CIRCUMFERENCE QUESTION1),342
Unit Area-CIRCLE_AREA-4-(RADIUS QUESTION3),343
Unit Area-CIRCLE_AREA-4-(DIAMETER QUESTION3),344
Unit Area-CIRCLE_AREA-4-(CIRCUMFERENCE QUESTION3),345
Unit Area-CIRCLE_O-4-(RADIUS QUESTION1),346
Unit Area-CIRCLE_O-4-(AREA QUESTION1),347
Unit Area-CIRCLE_O-4-(CIRCUMFERENCE QUESTION1),348
Unit Area-CIRCLE_O-4-(DIAMETER QUESTION2),349
Unit Area-CIRCLE_O-4-(AREA QUESTION2),350
Unit Area-CIRCLE_O-4-(CIRCUMFERENCE QUESTION2),351
Unit Area-CIRCLE_O-4-(RADIUS QUESTION3),352
Unit Area-CIRCLE_O-4-(DIAMETER QUESTION3),353
Unit Area-CIRCLE_O-4-(CIRCUMFERENCE QUESTION3),354
Unit Area-CIRCLE_O-4-(DIAMETER QUESTION4),355
Unit Area-CIRCLE_O-4-(RADIUS QUESTION4),356
Unit Area-CIRCLE_O-4-(AREA QUESTION4),357
Unit Area-LAWN_SPRINKLER-3-(AREA QUESTION1),358
Unit Area-WATERING_VEGGIES-2-(WATERED-AREA QUESTION1),359
Unit Area-WATERING_VEGGIES-2-(TOTAL-GARDEN QUESTION1),360
Unit Area-WATERING_VEGGIES-2-(UNWATERED-AREA QUESTION1),361
Unit Area-PENTAGON-5-(AREA QUESTION1),362
Unit Area-PENTAGON-5-(APOTHEM QUESTION2),363
Unit Area-PENTAGON-5-(SIDE QUESTION3),364
Unit Area-CIRCLE_CIRCUMFERENCE-3-(RADIUS QUESTION4),365
Unit Area-CIRCLE_CIRCUMFERENCE-3-(DIAMETER QUESTION4),366
Unit Area-CIRCLE_CIRCUMFERENCE-3-(AREA QUESTION4),367
Unit Area-PENTAGON_ABCDE-6-(AREA QUESTION1),368
Unit Area-PENTAGON_ABCDE-6-(APOTHEM QUESTION2),369
Unit Area-PENTAGON_ABCDE-6-(SIDE QUESTION3),370
